text,sentiment
Stock prices surged following the acquisition announcement.,positive
Revenue dropped sharply amid weak consumer demand.,negative
"The company's revenue grew by 15% this quarter, exceeding expectations.",positive
Operating performance remained consistent with previous quarters.,neutral
The firm's quarterly profits declined due to rising costs.,negative
The new product launch boosted quarterly profits.,positive
Revenue figures showed minor fluctuations during the year.,neutral
Stock prices fell after disappointing earnings results.,negative
The company reported a significant loss for the fiscal year.,negative
"Operating expenses increased, reducing net profit margins.",negative
The firm's assets and liabilities showed minimal variation.,neutral
The new product launch boosted quarterly profits.,positive
Revenue dropped sharply amid weak consumer demand.,negative
Stock prices surged following the acquisition announcement.,positive
Market conditions were stable throughout the quarter.,neutral
Revenue figures showed minor fluctuations during the year.,neutral
The firm's quarterly profits declined due to rising costs.,negative
Stock prices fell after disappointing earnings results.,negative
The company's quarterly results met market expectations.,neutral
Market share declined in key regions due to competition.,negative
"Operating expenses increased, reducing net profit margins.",negative
Dividend payouts were increased following strong earnings.,positive
The firm's quarterly profits declined due to rising costs.,negative
Cash flow from operations reached record highs.,positive
Operating performance remained consistent with previous quarters.,neutral
Market conditions were stable throughout the quarter.,neutral
"Debt obligations increased, straining the balance sheet.",negative
Cash reserves depleted as a result of poor management decisions.,negative
Shareholder meeting confirmed continuation of current policies.,neutral
Stock prices fell after disappointing earnings results.,negative
"The company's revenue grew by 15% this quarter, exceeding expectations.",positive
The firm's quarterly profits declined due to rising costs.,negative
The new product launch boosted quarterly profits.,positive
Positive investor sentiment drove up the share value.,positive
Positive investor sentiment drove up the share value.,positive
Earnings per share exceeded analyst forecasts.,positive
Market conditions were stable throughout the quarter.,neutral
Operating performance remained consistent with previous quarters.,neutral
The new product launch boosted quarterly profits.,positive
Operating performance remained consistent with previous quarters.,neutral
Cash reserves depleted as a result of poor management decisions.,negative
The company announced no major changes to its investment plans.,neutral
Operating performance remained consistent with previous quarters.,neutral
Cash reserves depleted as a result of poor management decisions.,negative
"Operating expenses increased, reducing net profit margins.",negative
Market share declined in key regions due to competition.,negative
The company announced no major changes to its investment plans.,neutral
The company reported a significant loss for the fiscal year.,negative
"The company's revenue grew by 15% this quarter, exceeding expectations.",positive
"Debt obligations increased, straining the balance sheet.",negative
"The company's debt levels decreased, indicating strong financial health.",positive
Positive investor sentiment drove up the share value.,positive
Market conditions were stable throughout the quarter.,neutral
The company's quarterly results met market expectations.,neutral
The firm's quarterly profits declined due to rising costs.,negative
Revenue figures showed minor fluctuations during the year.,neutral
The firm's quarterly profits declined due to rising costs.,negative
The company's quarterly results met market expectations.,neutral
Stock prices surged following the acquisition announcement.,positive
Stock prices surged following the acquisition announcement.,positive
Revenue figures showed minor fluctuations during the year.,neutral
"Operating expenses increased, reducing net profit margins.",negative
Expenses were maintained at stable levels across departments.,neutral
The company reported a significant loss for the fiscal year.,negative
The firm's assets and liabilities showed minimal variation.,neutral
Net profit margins improved significantly compared to last year.,positive
"Debt obligations increased, straining the balance sheet.",negative
Operating income increased due to strong sales performance.,positive
Dividend payouts were increased following strong earnings.,positive
Expenses were maintained at stable levels across departments.,neutral
Quarterly forecasts remained in line with industry averages.,neutral
Net profit margins improved significantly compared to last year.,positive
"The company's revenue grew by 15% this quarter, exceeding expectations.",positive
Cash flow from operations reached record highs.,positive
Market conditions were stable throughout the quarter.,neutral
Revenue dropped sharply amid weak consumer demand.,negative
The firm's assets and liabilities showed minimal variation.,neutral
Operating performance remained consistent with previous quarters.,neutral
Positive investor sentiment drove up the share value.,positive
Stock prices surged following the acquisition announcement.,positive
"The company's debt levels decreased, indicating strong financial health.",positive
Operating performance remained consistent with previous quarters.,neutral
Revenue dropped sharply amid weak consumer demand.,negative
"The company's debt levels decreased, indicating strong financial health.",positive
The company announced no major changes to its investment plans.,neutral
The company missed its quarterly revenue targets.,negative
Shareholder meeting confirmed continuation of current policies.,neutral
Expenses were maintained at stable levels across departments.,neutral
Market share declined in key regions due to competition.,negative
Stock prices fell after disappointing earnings results.,negative
Positive investor sentiment drove up the share value.,positive
Revenue figures showed minor fluctuations during the year.,neutral
"The company's revenue grew by 15% this quarter, exceeding expectations.",positive
Market share declined in key regions due to competition.,negative
Market conditions were stable throughout the quarter.,neutral
The firm's assets and liabilities showed minimal variation.,neutral
Earnings per share exceeded analyst forecasts.,positive
Market conditions were stable throughout the quarter.,neutral
Net profit margins improved significantly compared to last year.,positive
The firm's quarterly profits declined due to rising costs.,negative
Quarterly forecasts remained in line with industry averages.,neutral
Earnings per share exceeded analyst forecasts.,positive
The firm's assets and liabilities showed minimal variation.,neutral
Net profit margins improved significantly compared to last year.,positive
Stock prices fell after disappointing earnings results.,negative
Market conditions were stable throughout the quarter.,neutral
"Debt obligations increased, straining the balance sheet.",negative
Declining demand led to a reduction in production volumes.,negative
Quarterly forecasts remained in line with industry averages.,neutral
The company's quarterly results met market expectations.,neutral
Net profit margins improved significantly compared to last year.,positive
"Debt obligations increased, straining the balance sheet.",negative
Earnings per share exceeded analyst forecasts.,positive
"Operating expenses increased, reducing net profit margins.",negative
The company reported a significant loss for the fiscal year.,negative
Operating income increased due to strong sales performance.,positive
Stock prices surged following the acquisition announcement.,positive
"The company's revenue grew by 15% this quarter, exceeding expectations.",positive
Dividend payouts were increased following strong earnings.,positive
Net profit margins improved significantly compared to last year.,positive
The company announced no major changes to its investment plans.,neutral
Cash reserves depleted as a result of poor management decisions.,negative
Net profit margins improved significantly compared to last year.,positive
Net profit margins improved significantly compared to last year.,positive
The company's quarterly results met market expectations.,neutral
Operating income increased due to strong sales performance.,positive
The company missed its quarterly revenue targets.,negative
The company missed its quarterly revenue targets.,negative
The company announced no major changes to its investment plans.,neutral
Cash reserves depleted as a result of poor management decisions.,negative
Net profit margins improved significantly compared to last year.,positive
Operating income increased due to strong sales performance.,positive
Dividend payouts were increased following strong earnings.,positive
Revenue figures showed minor fluctuations during the year.,neutral
Operating income increased due to strong sales performance.,positive
Revenue dropped sharply amid weak consumer demand.,negative
Expenses were maintained at stable levels across departments.,neutral
Stock prices fell after disappointing earnings results.,negative
The company announced no major changes to its investment plans.,neutral
Shareholder meeting confirmed continuation of current policies.,neutral
Revenue dropped sharply amid weak consumer demand.,negative
Stock prices surged following the acquisition announcement.,positive
Market conditions were stable throughout the quarter.,neutral
Revenue dropped sharply amid weak consumer demand.,negative
Shareholder meeting confirmed continuation of current policies.,neutral
"The company's debt levels decreased, indicating strong financial health.",positive
Operating income increased due to strong sales performance.,positive
Stock prices fell after disappointing earnings results.,negative
Market conditions were stable throughout the quarter.,neutral
Net profit remained largely unchanged year over year.,neutral
Quarterly forecasts remained in line with industry averages.,neutral
Revenue figures showed minor fluctuations during the year.,neutral
Market conditions were stable throughout the quarter.,neutral
Operating performance remained consistent with previous quarters.,neutral
Cash flow from operations reached record highs.,positive
The new product launch boosted quarterly profits.,positive
The company's quarterly results met market expectations.,neutral
Market share declined in key regions due to competition.,negative
Stock prices surged following the acquisition announcement.,positive
The company missed its quarterly revenue targets.,negative
Positive investor sentiment drove up the share value.,positive
Positive investor sentiment drove up the share value.,positive
Stock prices surged following the acquisition announcement.,positive
"Debt obligations increased, straining the balance sheet.",negative
Operating income increased due to strong sales performance.,positive
Market conditions were stable throughout the quarter.,neutral
Cash flow from operations reached record highs.,positive
The company missed its quarterly revenue targets.,negative
Net profit margins improved significantly compared to last year.,positive
Expenses were maintained at stable levels across departments.,neutral
The company announced no major changes to its investment plans.,neutral
The company missed its quarterly revenue targets.,negative
"Operating expenses increased, reducing net profit margins.",negative
Shareholder meeting confirmed continuation of current policies.,neutral
The new product launch boosted quarterly profits.,positive
Expenses were maintained at stable levels across departments.,neutral
Revenue dropped sharply amid weak consumer demand.,negative
Net profit margins improved significantly compared to last year.,positive
Revenue dropped sharply amid weak consumer demand.,negative
The firm's quarterly profits declined due to rising costs.,negative
Quarterly forecasts remained in line with industry averages.,neutral
Positive investor sentiment drove up the share value.,positive
Cash reserves depleted as a result of poor management decisions.,negative
"Debt obligations increased, straining the balance sheet.",negative
The firm's assets and liabilities showed minimal variation.,neutral
The firm's assets and liabilities showed minimal variation.,neutral
"Debt obligations increased, straining the balance sheet.",negative
"The company's debt levels decreased, indicating strong financial health.",positive
Quarterly forecasts remained in line with industry averages.,neutral
Declining demand led to a reduction in production volumes.,negative
The new product launch boosted quarterly profits.,positive
The company's quarterly results met market expectations.,neutral
Shareholder meeting confirmed continuation of current policies.,neutral
Dividend payouts were increased following strong earnings.,positive
Market conditions were stable throughout the quarter.,neutral
Stock prices fell after disappointing earnings results.,negative
Expenses were maintained at stable levels across departments.,neutral
Net profit remained largely unchanged year over year.,neutral
Earnings per share exceeded analyst forecasts.,positive
Market conditions were stable throughout the quarter.,neutral
